Quantity,Designator,Value,Footprint,Manufacturer,Manufacturer #
1,C1,100nF,Capacitor_SMD:C_0603_1608Metric,TDK,C1608X7R1E104K080AA
1,J1,Program_conn,Connector_PinHeader_2.54mm:PinHeader_2x03_P2.54mm_Vertical,Preci-dip,892-18-006-10-001101
1,J2,MFM Module-Left,custom_library_FP:MFM_Module_Board_P123,Preci-dip,801-87-003-10-005101
1,J3,SEN0313 Header,Connector_JST:JST_PH_S4B-PH-K_1x04_P2.00mm_Horizontal,JST (JAPAN SOLDERLESS TERMINALS),S4B-PH-K-S (LF)(SN)
1,J4,MFM Module-Right,Connector_PinSocket_2.54mm:PinSocket_1x03_P2.54mm_Vertical,Preci-dip,801-87-003-10-005101
1,J5,UART Debug Connector,Connector_PinSocket_2.54mm:PinSocket_1x06_P2.54mm_Vertical,Preci-dip,801-87-006-10-001101
1,J6,DS18B20,Connector_JST:JST_XH_S3B-XH-A_1x03_P2.50mm_Horizontal,JST (JAPAN SOLDERLESS TERMINALS),S3B-XH-A (LF)(SN)
1,Q1,Q_NMOS_GSD,Package_TO_SOT_SMD:SOT-23,Vishay,2N7002-T1-GE3
1,Q2,Q_PMOS_GSD,Package_TO_SOT_SMD:SOT-23,Vishay / Siliconix,SI2333DDS-T1-BE3
1,R1,4k7,Resistor_SMD:R_0603_1608Metric,Vishay,CRCW06034K70FKEA
1,R2,100R,Resistor_SMD:R_0603_1608Metric,Vishay / Dale,CRCW0603100RFKEC
1,R3,10k,Resistor_SMD:R_0603_1608Metric,Vishay,CRCW060310K0FKEAC
1,R4,10k,Resistor_SMD:R_0603_1608Metric,Vishay,CRCW060310K0FKEAC
1,SW1,PER_RESET,custom_library_FP:SW_SPST_PTS636,C&K,PTS636 SM43 SMTR LFS
1,U1,ATtiny814-SS,Package_SO:SOIC-14_3.9x8.7mm_P1.27mm,Microchip Technology / Atmel,ATTINY814-SSNR
